id,first_name,last_name,acct_id,info_id
2,"Customer 2","Lastname 2",13,13
3,"Customer 3","Lastname 3",14,14
4,"Customer 4","Lastname 4",15,15
5,"Customer 5","Lastname 5",16,16
6,"Customer 6","Lastname 6",17,17
7,"Customer 7","Lastname 7",18,18
8,"Customer 8","Lastname 8",19,19
9,"Customer 9","Lastname 9",20,20
10,"Customer 10","Lastname 10",21,21
11,"Customer 11","Lastname 11",22,22
12,"Customer 12","Lastname 12",23,23
13,"Customer 13","Lastname 13",24,24
14,"Customer 14","Lastname 14",25,25
15,"Customer 15","Lastname 15",26,26
16,"Customer 16","Lastname 16",27,27
17,"Customer 17","Lastname 17",28,28
18,"Customer 18","Lastname 18",29,29
19,"Customer 19","Lastname 19",30,30
20,"Customer 20","Lastname 20",31,31
21,"Customer 21","Lastname 21",32,32
22,"Customer 22","Lastname 22",33,33
23,"Customer 23","Lastname 23",34,34
24,"Customer 24","Lastname 24",35,35
25,"Customer 25","Lastname 25",36,36
26,"Customer 26","Lastname 26",37,37
27,"Customer 27","Lastname 27",38,38
28,"Customer 28","Lastname 28",39,39
29,"Customer 29","Lastname 29",40,40
30,"Customer 30","Lastname 30",41,41
31,"Customer 31","Lastname 31",42,42
32,"Customer 32","Lastname 32",43,43
33,"Customer 33","Lastname 33",44,44
34,"Customer 34","Lastname 34",45,45
35,"Customer 35","Lastname 35",46,46
36,"Customer 36","Lastname 36",47,47
37,"Customer 37","Lastname 37",48,48
38,"Customer 38","Lastname 38",49,49
39,"Customer 39","Lastname 39",50,50
